<?xml version="1.0" encoding="UTF-8" standalone="yes"?>
<addon id="script.module.playlistLoader" name="Playlist Loader" version="0.1" provider-name="Team TVsupertuga">
  <requires>
    <import addon="xbmc.python" version="2.1.0"/>
	<import addon="baseaddons.repository" />
  </requires>
  <extension point="xbmc.python.pluginsource" library="default.py">
        <provides>all</provides>
  </extension>
  <extension point="xbmc.addon.metadata">
    <summary lang="en">Playlist</summary>
    <description lang="en">Playlist</description>
    <platform>all</platform>
  </extension>
</addon>
