<?xml version="1.0" encoding="UTF-8" standalone="yes"?>
<addon id="script.module.Community.dl" name="[COLOR White]Project[/COLOR] [COLOR cyan]X[/COLOR] [COLOR White]Wizard[/COLOR]" version="0.2" provider-name="TVsupertuga">
  <requires>
    <import addon="xbmc.python" version="2.1.0"/>
	<import addon="script.module.skinwizard" version="0.1"/>
	<import addon="service.addon_activador" />	
  </requires>
  <extension point="xbmc.python.pluginsource" library="default.py">
    <provides>all</provides>
  </extension>
  <extension point="xbmc.service" library="startup.py" start="startup" />
  <extension point="xbmc.addon.metadata">
    <summary lang="en"></summary>
    <description lang="en"></description>
    <facebookgrupo>https://www.facebook.com/TVsupertuga.PT/</facebookgrupo>
    <email>tvsupertuga@gmail.com</email>		
    <forum>http://tvsupertuga.forum-gratuito.com/</forum>
	<website>https://www.facebook.com/TVsupertuga.PT/</website>	
    <platform>all</platform>
  </extension>
</addon>