<?xml version="1.0" encoding="UTF-8"?>
    <addon id="baseaddons.repository" name="[COLOR cyan]Base Addons[/COLOR]" version="0.5" provider-name="TVsupertuga">
        <requires>
            <import addon="xbmc.addon" version="12.0.0"/>
        </requires>
        <extension point="xbmc.addon.repository" name="[COLOR cyan]Base Addons[/COLOR]">
            <dir>
			<info compressed="false">https://raw.githubusercontent.com/asedfgy/baseaddons.repository/master/addons.xml</info>
            <checksum>https://raw.githubusercontent.com/asedfgy/baseaddons.repository/master/addons.xml.md5</checksum>
            <datadir zip="true">https://raw.githubusercontent.com/asedfgy/baseaddons.repository/master/instal/</datadir>
            <hashes>false</hashes>
			</dir>
            <dir>
			<info compressed="false">https://raw.githubusercontent.com/asedfgy/baseaddons.repository/master/addons.xml</info>
            <checksum>https://raw.githubusercontent.com/asedfgy/baseaddons.repository/master/addons.xml.md5</checksum>
            <datadir zip="true">https://github.com/asedfgy/baseaddons.repository/tree/master/instal</datadir>
            </dir>

        </extension>
        <extension point="xbmc.addon.metadata">
            <summary>BaseAddons repository</summary>
            <description>BaseAddons</description>
            <platform>all</platform>
        </extension>
    </addon>
	
			