<?xml version="1.0" encoding="UTF-8" standalone="yes"?>
<addon id="baseaddons.repository" name="BaseAddons" version="0.2" provider-name="TVsupertuga">
	<extension point="xbmc.addon.repository" name="tvsupertuga Repository">
		<info compressed="false">https://raw.githubusercontent.com/PROJECTOTEAM/base/master/baseaddons.repository/addons.xml</info>
		<checksum>https://raw.githubusercontent.com/PROJECTOTEAM/base/master/baseaddons.repository/addons.xml.md5</checksum>
		<datadir zip="true">https://raw.githubusercontent.com/PROJECTOTEAM/base/master/baseaddons.repository/instal/</datadir>
	</extension>
	<extension point="xbmc.addon.metadata">
		<summary>BaseAddons repository</summary>
		<description></description>
		<disclaimer></disclaimer>
		<platform>all</platform>
	</extension>
</addon>
