<?xml version="1.0" encoding="UTF-8" standalone="yes"?>
<addon id="baseaddons.repository" name="BaseAddons" version="0.4" provider-name="TVsupertuga">
	<extension point="xbmc.addon.repository" name="tvsupertuga Repository">
		<info compressed="false">http://baseaddons.tvsupertuga.org/addons.xml</info>
		<checksum>http://baseaddons.tvsupertuga.org/addons.xml.md5</checksum>
		<datadir zip="true">http://baseaddons.tvsupertuga.org/instal/</datadir>
	</extension>
	<extension point="xbmc.addon.metadata">
		<summary>BaseAddons repository</summary>
		<description></description>
		<disclaimer></disclaimer>
		<platform>all</platform>
	</extension>
</addon>
