<?xml version="1.0" encoding="UTF-8"?>
<addon id="script.module.creator"
version="0.1"
name="TVsupertuga INI Creator"
provider-name="Team TVsupertuga">
<requires>
  <import addon="xbmc.python" version="2.20.0"/>
  <import addon="script.module.xbmcswift2" version="2.4.0"/>
  <import addon="script.module.requests" version="2.9.1" />
</requires>
<extension point="xbmc.python.pluginsource" library="main.py">
  <provides>all</provides>
</extension>
<extension point="xbmc.addon.metadata">
  <summary lang="en">INI Creator for FMG &amp; TVsupertuga TV Guide</summary>
  <description lang="en"></description>
  <disclaimer lang="en">.</disclaimer>
</extension>
</addon>

