<?xml version="1.0" encoding="UTF-8" standalone="yes"?>
<addon id="repository.TVsupertugamovies" name="[COLOR cyan]TV[/COLOR]-[COLOR red]supertugamovies[/COLOR]" version="0.1" provider-name="TVsupertuga">
  <requires>
    <import addon="xbmc.python" version="2.1.0"/>
	<import addon="script.module.addon.common" />
	<import addon="script.module.requests" />
  </requires>
  <extension point="xbmc.python.pluginsource" library="default.py">
        <provides>repository</provides>
  </extension>
  <extension point="xbmc.addon.metadata">
    <summary lang="en"></summary>
    <description lang="en"></description>
	<disclaimer lang="en"></disclaimer>
    <platform>all</platform>
  </extension>
</addon>