<?xml version="1.0" encoding="UTF-8" standalone="yes"?>
<addon id="script.module.webstreams2"
       name="Web Stream 2"
       version="0.1"
       provider-name="TVsupertuga">
    <requires>
        <import addon="xbmc.python" version="2.1.0"/>
        <import addon="script.video.F4mProxy" version="2.5.7" />
    </requires>
    <extension point="xbmc.python.pluginsource"
               library="default.py">
        <provides>video</provides>
    </extension>
    <extension point="xbmc.addon.metadata">
        <platform>all</platform>
        <license>GPL 2.0</license>
<summary lang="pt">TVsupertuga </summary>
		<description lang="pt">[COLOR blue][B]NEW LIST OF CHANNELS FOR IPTV AND PLAYLIST KODI.
	
	                        Welcome to TVsupertuga
							
All these streams can be easily found over the internet...
We do not have any server or broadcast any kind of signal...
All these streams are the result of many hours 
of research over the Internet.
CHANNELS REQUESTS OR MORE INFORMATION PLEASE
SEND E MAIL: tvsupertuga@gmail.com[/B][/COLOR]</description>
		<platform>all</platform>
		<forum>http://tvsupertuga.forum-gratuito.com/</forum>
		<website>https://www.facebook.com/TVsupertuga.PT/</website>
	</extension>
</addon>
