<?xml version="1.0" encoding="UTF-8" standalone="yes"?>
<addon id="plugin.video.rtpplay" name="RTP Play" version="2.6.0" provider-name="enen92">
  <requires>
    <import addon="xbmc.python" version="2.14.0"/>
  </requires>
  <extension point="xbmc.python.pluginsource" library="addon.py">
    <provides>video</provides>
  </extension>
  <extension point="xbmc.addon.metadata">
    <language>pt</language>
    <platform>all</platform>
    <summary lang="en">RTP Play addon for kodi</summary>
    <summary lang="pt">RTP Play addon para o Kodi</summary>
    <description lang="en">RTP Play live and on-demand broadcasts (radio and tv).</description>
    <description lang="pt">Emissões em directo (Rádio e TV) e On-Demand da RTP Play (rádio e tv).</description>
    <disclaimer lang="pt">Plugin independente e de código aberto não produzido pela rtp</disclaimer>
    <disclaimer lang="en">Independent and opensource plugin not endorsed by RTP</disclaimer>
    <license>GNU GENERAL PUBLIC LICENSE. Version 2, June 1991</license>
    <forum>http://forum.xbmc.org/showthread.php?tid=154645</forum>
    <source>https://github.com/enen92/plugin.video.RTPPlay-XBMC</source>
    <website>http://www.rtp.pt/play</website>
    <platform>all</platform>
  </extension>
</addon>
